seed,ndcg_cf,ndcg_hybrid,delta_ndcg
42,0.00200,0.00181,-0.00018
43,0.00251,0.00153,-0.00099
44,0.00236,0.00166,-0.00071
45,0.00224,0.00147,-0.00077

