seed,ndcg_cf,ndcg_hybrid,delta_ndcg
43,0.00176,0.00042,-0.00134
44,0.00297,0.00066,-0.00231
45,0.00297,0.00032,-0.00265

