seed,ndcg_cf,recall_cf,ndcg_hybrid,recall_hybrid,delta_ndcg,n_cold_items
41,0.0,0.0,0.00222,0.00667,0.00222,22958
42,0.0,0.0,0.0,0.0,0.0,22958
43,0.0,0.0,0.00267,0.00690,0.00267,22958
44,0.0,0.0,0.0,0.0,0.0,22958
45,0.0,0.0,0.0,0.0,0.0,22958
